{ "telemetryEvents": [{ "utcDateTime": "2017-02-05T12:41:28Z", "telemetryEventType": "TRIP_END" }, { "utcDateTime": "2017-02-05T12:38:23Z", "telemetryEventType": "TRIP_START" }], "avgVelocity": 46.6, "drivingDistance": 2.383, "hdopAverage": 1.41, "scores": [{ "scoreType": "ACCELERATION", "scoreValue": 100.0 }, { "scoreType": "BRAKING", "scoreValue": 100.0 }, { "scoreType": "SPEED", "scoreValue": 100.0 }, { "scoreType": "CORNERING", "scoreValue": 100.0 }, { "scoreType": "PAYD", "scoreValue": 100.0 }, { "scoreType": "OVERALL", "scoreValue": 100.0 }], "device": { "deviceType": "MOBILE", "deviceIdentifierType": "UUID", "deviceIdentifier": "EB01440F38DB4C0AB321DDCD226B5201" }, "utcStartDateTime": "2017-02-05T12:38:23Z", "utcEndDateTime": "2017-02-05T12:41:27Z", "secondsOfIdling": 4, "timeZoneOffset": "-500", "transportModeReason": "DEFAULT", "transportMode": "DRIVER", "measureUnit": "METRIC", "externalReferences": [{ "externalAccountId": "NULL", "type": "PRIMARY" }], "accelQuality": false, "secondsOfDriving": 184, "maxVelocity": 64.1, "tripSummaryId": "1486298303135", "telemetryPoints": [{ "utcDateTime": "2017-02-05T12:38:23.228Z", "horizontalAccuracy": 99.0, "hdop": 19.8, "location": { "latitude": 43.536782, "longitude": -80.256987 } }, { "utcDateTime": "2017-02-05T12:38:23.229Z", "horizontalAccuracy": 99.0, "hdop": 19.8, "location": { "latitude": 43.536782, "longitude": -80.256987 } }, { "utcDateTime": "2017-02-05T12:38:23.235Z", "horizontalAccuracy": 99.0, "hdop": 19.8, "location": { "latitude": 43.536782, "longitude": -80.256987 } }, { "utcDateTime": "2017-02-05T12:38:23.407Z", "accelerometerRaw": { "x": -1.393, "z": 9.307, "y": -2.471 } }, { "utcDateTime": "2017-02-05T12:38:23.512Z", "horizontalAccuracy": 99.0, "hdop": 19.8, "location": { "latitude": 43.536476, "longitude": -80.25657 } }, { "utcDateTime": "2017-02-05T12:38:23.984Z", "headingDegrees": 134.3, "distanceFromRoadCenter": 1.2, "horizontalAccuracy": 10.0, "hdop": 2.0, "velocity": 42.0, "location": { "latitude": 43.536692, "longitude": -80.25684 } }, { "utcDateTime": "2017-02-05T12:38:24.406Z", "accelerometerRaw": { "x": -0.343, "z": 8.689, "y": -2.393 } }, { "utcDateTime": "2017-02-05T12:38:25.000Z", "headingDegrees": 136.8, "distanceFromRoadCenter": 10.5, "horizontalAccuracy": 5.0, "hdop": 1.0, "velocity": 37.8, "location": { "latitude": 43.536582, "longitude": -80.256848 }, "acceleration": -1.15 }, { "utcDateTime": "2017-02-05T12:38:25.402Z", "accelerometerRaw": { "x": -1.226, "z": 9.159, "y": -2.02 } }, { "utcDateTime": "2017-02-05T12:38:26.000Z", "headingDegrees": 133.8, "distanceFromRoadCenter": 12.5, "horizontalAccuracy": 5.0, "hdop": 1.0, "velocity": 39.4, "location": { "latitude": 43.536496, "longitude": -80.256762 }, "acceleration": 0.44 }, { "utcDateTime": "2017-02-05T12:38:26.397Z", "accelerometerRaw": { "x": -2.069, "z": 10.111, "y": -2.118 } }, { "utcDateTime": "2017-02-05T12:38:27.000Z", "headingDegrees": 133.8, "distanceFromRoadCenter": 10.5, "horizontalAccuracy": 5.0, "hdop": 1.0, "velocity": 37.4, "location": { "latitude": 43.536459, "longitude": -80.256673 }, "acceleration": -0.56 }, { "utcDateTime": "2017-02-05T12:38:27.392Z", "accelerometerRaw": { "x": -1.775, "z": 8.63, "y": -1.559 } }, { "utcDateTime": "2017-02-05T12:38:28.000Z", "headingDegrees": 133.8, "distanceFromRoadCenter": 7.7, "horizontalAccuracy": 5.0, "hdop": 1.0, "velocity": 33.3, "location": { "latitude": 43.536424, "longitude": -80.256589 }, "acceleration": -1.14 }, { "utcDateTime": "2017-02-05T12:38:28.388Z", "accelerometerRaw": { "x": -0.873, "z": 8.13, "y": -1.893 } }, { "utcDateTime": "2017-02-05T12:38:29.000Z", "headingDegrees": 133.8, "distanceFromRoadCenter": 2.0, "horizontalAccuracy": 5.0, "hdop": 1.0, "velocity": 33.8, "location": { "latitude": 43.536364, "longitude": -80.256501 }, "acceleration": 0.14 }, { "utcDateTime": "2017-02-05T12:38:29.383Z", "accelerometerRaw": { "x": -1.245, "z": 8.698, "y": 0.912 } }, { "utcDateTime": "2017-02-05T12:38:30.000Z", "headingDegrees": 137.7, "distanceFromRoadCenter": 8.3, "horizontalAccuracy": 5.0, "hdop": 1.0, "velocity": 32.5, "location": { "latitude": 43.536276, "longitude": -80.25638 }, "acceleration": -0.36 }, { "utcDateTime": "2017-02-05T12:38:30.378Z", "accelerometerRaw": { "x": -1.059, "z": 9.454, "y": -1.285 } }, { "utcDateTime": "2017-02-05T12:38:31.000Z", "headingDegrees": 133.9, "distanceFromRoadCenter": 7.5, "horizontalAccuracy": 5.0, "hdop": 1.0, "velocity": 31.3, "location": { "latitude": 43.536228, "longitude": -80.256301 }, "acceleration": -0.33 }, { "utcDateTime": "2017-02-05T12:38:31.373Z", "accelerometerRaw": { "x": -1.334, "z": 10.768, "y": -1.147 } }, { "utcDateTime": "2017-02-05T12:38:32.000Z", "headingDegrees": 133.9, "distanceFromRoadCenter": 7.4, "horizontalAccuracy": 5.0, "hdop": 1.0, "velocity": 28.2, "location": { "latitude": 43.536191, "longitude": -80.256249 }, "acceleration": -0.86 }, { "utcDateTime": "2017-02-05T12:38:32.369Z", "accelerometerRaw": { "x": -1.108, "z": 10.111, "y": -1.569 } }, { "utcDateTime": "2017-02-05T12:38:33.000Z", "headingDegrees": 133.9, "distanceFromRoadCenter": 7.2, "horizontalAccuracy": 5.0, "hdop": 1.0, "velocity": 27.9, "location": { "latitude": 43.536139, "longitude": -80.256175 }, "acceleration": -0.08 }, { "utcDateTime": "2017-02-05T12:38:33.364Z", "accelerometerRaw": { "x": -0.569, "z": 9.218, "y": -1.814 } }, { "utcDateTime": "2017-02-05T12:38:34.000Z", "headingDegrees": 133.9, "distanceFromRoadCenter": 7.1, "horizontalAccuracy": 5.0, "hdop": 1.0, "velocity": 23.3, "location": { "latitude": 43.536102, "longitude": -80.256125 }, "acceleration": -1.28 }, { "utcDateTime": "2017-02-05T12:38:34.359Z", "accelerometerRaw": { "x": -0.539, "z": 9.581, "y": -1.687 } }, { "utcDateTime": "2017-02-05T12:38:35.000Z", "headingDegrees": 133.9, "distanceFromRoadCenter": 7.0, "horizontalAccuracy": 5.0, "hdop": 1.0, "velocity": 17.6, "location": { "latitude": 43.536071, "longitude": -80.25608 }, "acceleration": -1.58 }, { "utcDateTime": "2017-02-05T12:38:35.355Z", "accelerometerRaw": { "x": -0.755, "z": 9.63, "y": -1.52 } }, { "utcDateTime": "2017-02-05T12:38:36.000Z", "headingDegrees": 133.9, "distanceFromRoadCenter": 7.0, "horizontalAccuracy": 5.0, "hdop": 1.0, "velocity": 13.7, "location": { "latitude": 43.536043, "longitude": -80.256043 }, "acceleration": -1.08 }, { "utcDateTime": "2017-02-05T12:38:36.350Z", "accelerometerRaw": { "x": -0.853, "z": 9.748, "y": -2.03 } }, { "utcDateTime": "2017-02-05T12:38:37.000Z", "headingDegrees": 133.9, "distanceFromRoadCenter": 6.4, "horizontalAccuracy": 5.0, "hdop": 1.0, "velocity": 10.6, "location": { "latitude": 43.536028, "longitude": -80.256013 }, "acceleration": -0.86 }, { "utcDateTime": "2017-02-05T12:38:37.345Z", "accelerometerRaw": { "x": -1.049, "z": 9.826, "y": -1.765 } }, { "utcDateTime": "2017-02-05T12:38:38.000Z", "headingDegrees": 133.9, "distanceFromRoadCenter": 6.7, "horizontalAccuracy": 5.0, "hdop": 1.0, "velocity": 4.5, "location": { "latitude": 43.536025, "longitude": -80.256014 }, "acceleration": -1.69 }, { "utcDateTime": "2017-02-05T12:38:38.340Z", "accelerometerRaw": { "x": -1.402, "z": 9.444, "y": -1.638 } }, { "utcDateTime": "2017-02-05T12:38:39.000Z", "headingDegrees": 133.9, "distanceFromRoadCenter": 6.4, "horizontalAccuracy": 5.0, "hdop": 1.0, "velocity": 1.9, "location": { "latitude": 43.536014, "longitude": -80.255994 }, "acceleration": -0.72 }, { "utcDateTime": "2017-02-05T12:38:39.336Z", "accelerometerRaw": { "x": -1.883, "z": 9.414, "y": -1.559 } }, { "utcDateTime": "2017-02-05T12:38:40.000Z", "headingDegrees": 133.9, "distanceFromRoadCenter": 6.3, "horizontalAccuracy": 5.0, "hdop": 1.0, "velocity": 1.2, "location": { "latitude": 43.536014, "longitude": -80.255991 }, "acceleration": -0.19 }, { "utcDateTime": "2017-02-05T12:38:40.331Z", "accelerometerRaw": { "x": -2.01, "z": 9.542, "y": -1.657 } }, { "utcDateTime": "2017-02-05T12:38:41.000Z", "headingDegrees": 133.9, "distanceFromRoadCenter": 6.2, "horizontalAccuracy": 5.0, "hdop": 1.0, "velocity": 0.0, "location": { "latitude": 43.536015, "longitude": -80.255992 }, "acceleration": -0.33 }, { "utcDateTime": "2017-02-05T12:38:41.326Z", "accelerometerRaw": { "x": -2.893, "z": 9.159, "y": -1.491 } }, { "utcDateTime": "2017-02-05T12:38:42.000Z", "headingDegrees": 133.9, "distanceFromRoadCenter": 5.9, "horizontalAccuracy": 5.0, "hdop": 1.0, "velocity": 1.9, "location": { "latitude": 43.536015, "longitude": -80.255986 }, "acceleration": 0.53 }, { "utcDateTime": "2017-02-05T12:38:42.321Z", "accelerometerRaw": { "x": -4.021, "z": 8.944, "y": -1.226 } }, { "utcDateTime": "2017-02-05T12:38:43.000Z", "headingDegrees": 133.9, "distanceFromRoadCenter": 5.8, "horizontalAccuracy": 5.0, "hdop": 1.0, "velocity": 5.6, "location": { "latitude": 43.536004, "longitude": -80.25597 }, "acceleration": 1.03 }, { "utcDateTime": "2017-02-05T12:38:43.317Z", "accelerometerRaw": { "x": -3.883, "z": 8.865, "y": -1.422 } }, { "utcDateTime": "2017-02-05T12:38:44.000Z", "headingDegrees": 133.9, "distanceFromRoadCenter": 5.7, "horizontalAccuracy": 5.0, "hdop": 1.0, "velocity": 12.0, "location": { "latitude": 43.535982, "longitude": -80.255938 }, "acceleration": 1.78 }, { "utcDateTime": "2017-02-05T12:38:44.312Z", "accelerometerRaw": { "x": -4.354, "z": 7.943, "y": -1.432 } }, { "utcDateTime": "2017-02-05T12:38:45.000Z", "headingDegrees": 133.9, "distanceFromRoadCenter": 5.4, "horizontalAccuracy": 5.0, "hdop": 1.0, "velocity": 17.5, "location": { "latitude": 43.535949, "longitude": -80.255889 }, "acceleration": 1.53 }, { "utcDateTime": "2017-02-05T12:38:45.307Z", "accelerometerRaw": { "x": -3.197, "z": 10.189, "y": -1.873 } }, { "utcDateTime": "2017-02-05T12:38:46.000Z", "headingDegrees": 133.9, "distanceFromRoadCenter": 4.9, "horizontalAccuracy": 5.0, "hdop": 1.0, "velocity": 21.2, "location": { "latitude": 43.535904, "longitude": -80.255819 }, "acceleration": 1.03 }, { "utcDateTime": "2017-02-05T12:38:46.302Z", "accelerometerRaw": { "x": -3.226, "z": 8.287, "y": -1.196 } }, { "utcDateTime": "2017-02-05T12:38:47.000Z", "headingDegrees": 133.9, "distanceFromRoadCenter": 4.5, "horizontalAccuracy": 5.0, "hdop": 1.0, "velocity": 24.1, "location": { "latitude": 43.535865, "longitude": -80.25576 }, "acceleration": 0.81 }, { "utcDateTime": "2017-02-05T12:38:47.298Z", "accelerometerRaw": { "x": -3.413, "z": 8.885, "y": -2.854 } }, { "utcDateTime": "2017-02-05T12:38:48.000Z", "headingDegrees": 133.9, "distanceFromRoadCenter": 0.3, "horizontalAccuracy": 5.0, "hdop": 1.0, "velocity": 27.1, "location": { "latitude": 43.535832, "longitude": -80.255704 }, "acceleration": 0.83 }, { "utcDateTime": "2017-02-05T12:38:48.293Z", "accelerometerRaw": { "x": -3.168, "z": 8.748, "y": -0.892 } }, { "utcDateTime": "2017-02-05T12:38:49.000Z", "headingDegrees": 134.3, "distanceFromRoadCenter": 3.6, "horizontalAccuracy": 5.0, "hdop": 1.0, "velocity": 30.5, "location": { "latitude": 43.535758, "longitude": -80.255599 }, "acceleration": 0.94 }, { "utcDateTime": "2017-02-05T12:38:49.288Z", "accelerometerRaw": { "x": -2.079, "z": 7.904, "y": -0.99 } }, { "utcDateTime": "2017-02-05T12:38:50.000Z", "headingDegrees": 134.3, "distanceFromRoadCenter": 3.1, "horizontalAccuracy": 5.0, "hdop": 1.0, "velocity": 33.9, "location": { "latitude": 43.535701, "longitude": -80.255513 }, "acceleration": 0.94 }, { "utcDateTime": "2017-02-05T12:38:50.283Z", "accelerometerRaw": { "x": -3.305, "z": 8.787, "y": -1.01 } }, { "utcDateTime": "2017-02-05T12:38:51.000Z", "headingDegrees": 134.3, "distanceFromRoadCenter": 3.0, "horizontalAccuracy": 5.0, "hdop": 1.0, "velocity": 37.4, "location": { "latitude": 43.535633, "longitude": -80.25542 }, "acceleration": 0.97 }, { "utcDateTime": "2017-02-05T12:38:51.279Z", "accelerometerRaw": { "x": -2.952, "z": 9.297, "y": -2.01 } }, { "utcDateTime": "2017-02-05T12:38:52.000Z", "headingDegrees": 134.3, "distanceFromRoadCenter": 2.3, "horizontalAccuracy": 5.0, "hdop": 1.0, "velocity": 40.3, "location": { "latitude": 43.535565, "longitude": -80.255315 }, "acceleration": 0.81 }, { "utcDateTime": "2017-02-05T12:38:52.274Z", "accelerometerRaw": { "x": -3.266, "z": 12.092, "y": -1.412 } }, { "utcDateTime": "2017-02-05T12:38:53.000Z", "headingDegrees": 134.5, "distanceFromRoadCenter": 2.5, "horizontalAccuracy": 5.0, "hdop": 1.0, "velocity": 42.8, "location": { "latitude": 43.535488, "longitude": -80.255214 }, "acceleration": 0.69 }, { "utcDateTime": "2017-02-05T12:38:53.269Z", "accelerometerRaw": { "x": -2.363, "z": 8.081, "y": -2.128 } }, { "utcDateTime": "2017-02-05T12:38:54.000Z", "headingDegrees": 133.9, "distanceFromRoadCenter": 2.3, "horizontalAccuracy": 5.0, "hdop": 1.0, "velocity": 44.7, "location": { "latitude": 43.535405, "longitude": -80.255098 }, "acceleration": 0.53 }, { "utcDateTime": "2017-02-05T12:38:54.265Z", "accelerometerRaw": { "x": -2.844, "z": 9.473, "y": -0.392 } }, { "utcDateTime": "2017-02-05T12:38:55.000Z", "headingDegrees": 133.2, "distanceFromRoadCenter": 2.4, "horizontalAccuracy": 5.0, "hdop": 1.0, "velocity": 45.8, "location": { "latitude": 43.535326, "longitude": -80.254993 }, "acceleration": 0.31 }, { "utcDateTime": "2017-02-05T12:38:55.260Z", "accelerometerRaw": { "x": -3.011, "z": 10.483, "y": -1.334 } }, { "utcDateTime": "2017-02-05T12:38:56.000Z", "headingDegrees": 133.5, "distanceFromRoadCenter": 2.7, "horizontalAccuracy": 5.0, "hdop": 1.0, "velocity": 46.9, "location": { "latitude": 43.535241, "longitude": -80.254883 }, "acceleration": 0.31 }, { "utcDateTime": "2017-02-05T12:38:56.255Z", "accelerometerRaw": { "x": -2.461, "z": 10.65, "y": -1.706 } }, { "utcDateTime": "2017-02-05T12:38:57.000Z", "headingDegrees": 133.5, "distanceFromRoadCenter": 3.7, "horizontalAccuracy": 5.0, "hdop": 1.0, "velocity": 47.8, "location": { "latitude": 43.535145, "longitude": -80.25477 }, "acceleration": 0.25 }, { "utcDateTime": "2017-02-05T12:38:57.251Z", "accelerometerRaw": { "x": -2.883, "z": 9.434, "y": -1.814 } }, { "utcDateTime": "2017-02-05T12:38:58.000Z", "headingDegrees": 133.5, "distanceFromRoadCenter": 0.4, "horizontalAccuracy": 5.0, "hdop": 1.0, "velocity": 47.3, "location": { "latitude": 43.535051, "longitude": -80.254661 }, "acceleration": -0.14 }, { "utcDateTime": "2017-02-05T12:38:58.246Z", "accelerometerRaw": { "x": -2.511, "z": 9.483, "y": -2.461 } }, { "utcDateTime": "2017-02-05T12:38:59.000Z", "headingDegrees": 142.1, "distanceFromRoadCenter": 4.7, "horizontalAccuracy": 5.0, "hdop": 1.0, "velocity": 47.2, "location": { "latitude": 43.534957, "longitude": -80.254553 }, "acceleration": -0.03 }, { "utcDateTime": "2017-02-05T12:38:59.241Z", "accelerometerRaw": { "x": -2.52, "z": 9.12, "y": -0.941 } }, { "utcDateTime": "2017-02-05T12:39:00.000Z", "headingDegrees": 141.6, "distanceFromRoadCenter": 4.9, "horizontalAccuracy": 5.0, "hdop": 1.0, "velocity": 46.7, "location": { "latitude": 43.534863, "longitude": -80.254448 }, "acceleration": -0.14 }, { "utcDateTime": "2017-02-05T12:39:00.237Z", "accelerometerRaw": { "x": -3.03, "z": 11.994, "y": -2.275 } }, { "utcDateTime": "2017-02-05T12:39:01.000Z", "headingDegrees": 141.6, "distanceFromRoadCenter": 4.8, "horizontalAccuracy": 5.0, "hdop": 1.0, "velocity": 45.9, "location": { "latitude": 43.534779, "longitude": -80.254348 }, "acceleration": -0.22 }, { "utcDateTime": "2017-02-05T12:39:01.232Z", "accelerometerRaw": { "x": -2.363, "z": 9.11, "y": -1.373 } }, { "utcDateTime": "2017-02-05T12:39:02.000Z", "headingDegrees": 141.0, "distanceFromRoadCenter": 4.5, "horizontalAccuracy": 5.0, "hdop": 1.0, "velocity": 45.2, "location": { "latitude": 43.53469, "longitude": -80.254241 }, "acceleration": -0.19 }, { "utcDateTime": "2017-02-05T12:39:02.228Z", "accelerometerRaw": { "x": -3.452, "z": 9.483, "y": -1.589 } }, { "utcDateTime": "2017-02-05T12:39:03.000Z", "headingDegrees": 141.0, "distanceFromRoadCenter": 2.5, "horizontalAccuracy": 5.0, "hdop": 1.0, "velocity": 44.2, "location": { "latitude": 43.534596, "longitude": -80.254135 }, "acceleration": -0.28 }, { "utcDateTime": "2017-02-05T12:39:03.223Z", "accelerometerRaw": { "x": -2.785, "z": 9.179, "y": -1.52 } }, { "utcDateTime": "2017-02-05T12:39:04.000Z", "headingDegrees": 141.0, "distanceFromRoadCenter": 4.2, "horizontalAccuracy": 5.0, "hdop": 1.0, "velocity": 44.5, "location": { "latitude": 43.534506, "longitude": -80.254029 }, "acceleration": 0.08 }, { "utcDateTime": "2017-02-05T12:39:04.218Z", "accelerometerRaw": { "x": -3.432, "z": 12.327, "y": -1.471 } }, { "utcDateTime": "2017-02-05T12:39:05.000Z", "headingDegrees": 141.0, "distanceFromRoadCenter": 3.9, "horizontalAccuracy": 5.0, "hdop": 1.0, "velocity": 44.7, "location": { "latitude": 43.534419, "longitude": -80.253929 }, "acceleration": 0.06 }, { "utcDateTime": "2017-02-05T12:39:05.214Z", "accelerometerRaw": { "x": -2.815, "z": 8.983, "y": -1.245 } }, { "utcDateTime": "2017-02-05T12:39:06.000Z", "headingDegrees": 141.0, "distanceFromRoadCenter": 1.1, "horizontalAccuracy": 5.0, "hdop": 1.0, "velocity": 43.5, "location": { "latitude": 43.534381, "longitude": -80.25388 }, "acceleration": -0.33 }, { "utcDateTime": "2017-02-05T12:39:06.209Z", "accelerometerRaw": { "x": -2.618, "z": 10.856, "y": -1.461 } }, { "utcDateTime": "2017-02-05T12:39:07.000Z", "headingDegrees": 137.4, "distanceFromRoadCenter": 4.7, "horizontalAccuracy": 5.0, "hdop": 1.0, "velocity": 43.8, "location": { "latitude": 43.534245, "longitude": -80.253727 }, "acceleration": 0.08 }, { "utcDateTime": "2017-02-05T12:39:07.205Z", "accelerometerRaw": { "x": -2.991, "z": 8.963, "y": -1.795 } }, { "utcDateTime": "2017-02-05T12:39:08.000Z", "headingDegrees": 137.4, "distanceFromRoadCenter": 1.0, "horizontalAccuracy": 5.0, "hdop": 1.0, "velocity": 44.7, "location": { "latitude": 43.534165, "longitude": -80.253637 }, "acceleration": 0.25 }, { "utcDateTime": "2017-02-05T12:39:08.200Z", "accelerometerRaw": { "x": -3.305, "z": 10.209, "y": -2.942 } }, { "utcDateTime": "2017-02-05T12:39:09.000Z", "headingDegrees": 137.3, "distanceFromRoadCenter": 5.9, "horizontalAccuracy": 5.0, "hdop": 1.0, "velocity": 44.3, "location": { "latitude": 43.534078, "longitude": -80.253539 }, "acceleration": -0.11 }, { "utcDateTime": "2017-02-05T12:39:09.195Z", "accelerometerRaw": { "x": -2.952, "z": 8.306, "y": -1.598 } }, { "utcDateTime": "2017-02-05T12:39:10.000Z", "headingDegrees": 136.5, "distanceFromRoadCenter": 5.7, "horizontalAccuracy": 5.0, "hdop": 1.0, "velocity": 45.3, "location": { "latitude": 43.534012, "longitude": -80.253457 }, "acceleration": 0.28 }, { "utcDateTime": "2017-02-05T12:39:10.190Z", "accelerometerRaw": { "x": -3.256, "z": 9.375, "y": -1.902 } }, { "utcDateTime": "2017-02-05T12:39:11.000Z", "headingDegrees": 134.3, "distanceFromRoadCenter": 4.5, "horizontalAccuracy": 5.0, "hdop": 1.0, "velocity": 46.0, "location": { "latitude": 43.533912, "longitude": -80.253337 }, "acceleration": 0.19 }, { "utcDateTime": "2017-02-05T12:39:11.186Z", "accelerometerRaw": { "x": -3.226, "z": 9.277, "y": -1.991 } }, { "utcDateTime": "2017-02-05T12:39:12.000Z", "headingDegrees": 138.7, "distanceFromRoadCenter": 5.5, "horizontalAccuracy": 5.0, "hdop": 1.0, "velocity": 47.4, "location": { "latitude": 43.533815, "longitude": -80.25322 }, "acceleration": 0.39 }, { "utcDateTime": "2017-02-05T12:39:12.181Z", "accelerometerRaw": { "x": -3.962, "z": 11.66, "y": -2.864 } }, { "utcDateTime": "2017-02-05T12:39:13.000Z", "headingDegrees": 140.6, "distanceFromRoadCenter": 5.8, "horizontalAccuracy": 5.0, "hdop": 1.0, "velocity": 47.8, "location": { "latitude": 43.533721, "longitude": -80.253116 }, "acceleration": 0.11 }, { "utcDateTime": "2017-02-05T12:39:13.176Z", "accelerometerRaw": { "x": -3.05, "z": 8.855, "y": -1.187 } }, { "utcDateTime": "2017-02-05T12:39:14.000Z", "headingDegrees": 143.9, "distanceFromRoadCenter": 5.7, "horizontalAccuracy": 5.0, "hdop": 1.0, "velocity": 48.9, "location": { "latitude": 43.53363, "longitude": -80.253009 }, "acceleration": 0.31 }, { "utcDateTime": "2017-02-05T12:39:14.171Z", "accelerometerRaw": { "x": -3.079, "z": 8.149, "y": -1.451 } }, { "utcDateTime": "2017-02-05T12:39:15.000Z", "headingDegrees": 143.9, "distanceFromRoadCenter": 5.5, "horizontalAccuracy": 5.0, "hdop": 1.0, "velocity": 50.4, "location": { "latitude": 43.533533, "longitude": -80.252892 }, "acceleration": 0.42 }, { "utcDateTime": "2017-02-05T12:39:15.167Z", "accelerometerRaw": { "x": -3.305, "z": 10.022, "y": -1.206 } }, { "utcDateTime": "2017-02-05T12:39:16.000Z", "headingDegrees": 141.7, "distanceFromRoadCenter": 5.5, "horizontalAccuracy": 5.0, "hdop": 1.0, "velocity": 52.1, "location": { "latitude": 43.533431, "longitude": -80.252776 }, "acceleration": 0.47 }, { "utcDateTime": "2017-02-05T12:39:16.162Z", "accelerometerRaw": { "x": -3.226, "z": 8.62, "y": -1.216 } }, { "utcDateTime": "2017-02-05T12:39:17.000Z", "headingDegrees": 141.7, "distanceFromRoadCenter": 5.3, "horizontalAccuracy": 5.0, "hdop": 1.0, "velocity": 52.9, "location": { "latitude": 43.533328, "longitude": -80.252656 }, "acceleration": 0.22 }, { "utcDateTime": "2017-02-05T12:39:17.157Z", "accelerometerRaw": { "x": -3.011, "z": 8.757, "y": -1.275 } }, { "utcDateTime": "2017-02-05T12:39:18.000Z", "headingDegrees": 141.7, "distanceFromRoadCenter": 5.0, "horizontalAccuracy": 5.0, "hdop": 1.0, "velocity": 54.4, "location": { "latitude": 43.533226, "longitude": -80.252536 }, "acceleration": 0.42 }, { "utcDateTime": "2017-02-05T12:39:18.152Z", "accelerometerRaw": { "x": -2.991, "z": 9.424, "y": -0.686 } }, { "utcDateTime": "2017-02-05T12:39:19.000Z", "headingDegrees": 141.7, "distanceFromRoadCenter": 5.2, "horizontalAccuracy": 5.0, "hdop": 1.0, "velocity": 55.4, "location": { "latitude": 43.533152, "longitude": -80.252449 }, "acceleration": 0.28 }, { "utcDateTime": "2017-02-05T12:39:19.147Z", "accelerometerRaw": { "x": -3.403, "z": 10.071, "y": -1.383 } }, { "utcDateTime": "2017-02-05T12:39:20.000Z", "headingDegrees": 134.4, "distanceFromRoadCenter": 6.5, "horizontalAccuracy": 5.0, "hdop": 1.0, "velocity": 57.7, "location": { "latitude": 43.533017, "longitude": -80.25228 }, "acceleration": 0.64 }, { "utcDateTime": "2017-02-05T12:39:20.143Z", "accelerometerRaw": { "x": -3.128, "z": 8.816, "y": -0.451 } }, { "utcDateTime": "2017-02-05T12:39:21.000Z", "headingDegrees": 134.4, "distanceFromRoadCenter": 6.9, "horizontalAccuracy": 5.0, "hdop": 1.0, "velocity": 57.5, "location": { "latitude": 43.532918, "longitude": -80.252149 }, "acceleration": -0.06 }, { "utcDateTime": "2017-02-05T12:39:21.138Z", "accelerometerRaw": { "x": -3.099, "z": 9.14, "y": -1.334 } }, { "utcDateTime": "2017-02-05T12:39:22.000Z", "headingDegrees": 134.4, "distanceFromRoadCenter": 7.7, "horizontalAccuracy": 5.0, "hdop": 1.0, "velocity": 58.8, "location": { "latitude": 43.53281, "longitude": -80.252012 }, "acceleration": 0.36 }, { "utcDateTime": "2017-02-05T12:39:22.133Z", "accelerometerRaw": { "x": -3.658, "z": 10.032, "y": -0.785 } }, { "utcDateTime": "2017-02-05T12:39:23.000Z", "headingDegrees": 134.2, "distanceFromRoadCenter": 7.6, "horizontalAccuracy": 5.0, "hdop": 1.0, "velocity": 59.0, "location": { "latitude": 43.532706, "longitude": -80.251864 }, "acceleration": 0.06 }, { "utcDateTime": "2017-02-05T12:39:23.128Z", "accelerometerRaw": { "x": -3.197, "z": 9.287, "y": -1.049 } }, { "utcDateTime": "2017-02-05T12:39:24.000Z", "headingDegrees": 134.2, "distanceFromRoadCenter": 7.1, "horizontalAccuracy": 5.0, "hdop": 1.0, "velocity": 59.6, "location": { "latitude": 43.5326, "longitude": -80.251707 }, "acceleration": 0.17 }, { "utcDateTime": "2017-02-05T12:39:24.124Z", "accelerometerRaw": { "x": -3.383, "z": 9.679, "y": -1.167 } }, { "utcDateTime": "2017-02-05T12:39:25.000Z", "headingDegrees": 134.4, "distanceFromRoadCenter": 7.3, "horizontalAccuracy": 5.0, "hdop": 1.0, "velocity": 58.0, "location": { "latitude": 43.532503, "longitude": -80.251574 }, "acceleration": -0.44 }, { "utcDateTime": "2017-02-05T12:39:25.119Z", "accelerometerRaw": { "x": -2.834, "z": 8.542, "y": -1.294 } }, { "utcDateTime": "2017-02-05T12:39:26.000Z", "headingDegrees": 134.4, "distanceFromRoadCenter": 7.3, "horizontalAccuracy": 5.0, "hdop": 1.0, "velocity": 60.0, "location": { "latitude": 43.532427, "longitude": -80.251467 }, "acceleration": 0.56 }, { "utcDateTime": "2017-02-05T12:39:26.114Z", "accelerometerRaw": { "x": -3.207, "z": 9.591, "y": -1.726 } }, { "utcDateTime": "2017-02-05T12:39:27.000Z", "headingDegrees": 134.7, "distanceFromRoadCenter": 7.1, "horizontalAccuracy": 5.0, "hdop": 1.0, "velocity": 58.3, "location": { "latitude": 43.532288, "longitude": -80.251276 }, "acceleration": -0.47 }, { "utcDateTime": "2017-02-05T12:39:27.109Z", "accelerometerRaw": { "x": -3.432, "z": 9.326, "y": -1.451 } }, { "utcDateTime": "2017-02-05T12:39:28.000Z", "headingDegrees": 134.7, "distanceFromRoadCenter": 6.7, "horizontalAccuracy": 5.0, "hdop": 1.0, "velocity": 57.8, "location": { "latitude": 43.532189, "longitude": -80.251133 }, "acceleration": -0.14 }, { "utcDateTime": "2017-02-05T12:39:28.104Z", "accelerometerRaw": { "x": -3.285, "z": 9.032, "y": -1.589 } }, { "utcDateTime": "2017-02-05T12:39:29.000Z", "headingDegrees": 134.7, "distanceFromRoadCenter": 6.6, "horizontalAccuracy": 5.0, "hdop": 1.0, "velocity": 57.3, "location": { "latitude": 43.532086, "longitude": -80.250992 }, "acceleration": -0.14 }, { "utcDateTime": "2017-02-05T12:39:29.100Z", "accelerometerRaw": { "x": -3.187, "z": 9.365, "y": -1.098 } }, { "utcDateTime": "2017-02-05T12:39:30.000Z", "headingDegrees": 134.7, "distanceFromRoadCenter": 3.0, "horizontalAccuracy": 5.0, "hdop": 1.0, "velocity": 59.8, "location": { "latitude": 43.531983, "longitude": -80.250833 }, "acceleration": 0.69 }, { "utcDateTime": "2017-02-05T12:39:30.095Z", "accelerometerRaw": { "x": -3.069, "z": 8.924, "y": -2.334 } }, { "utcDateTime": "2017-02-05T12:39:31.000Z", "headingDegrees": 134.7, "distanceFromRoadCenter": 3.7, "horizontalAccuracy": 5.0, "hdop": 1.0, "velocity": 60.8, "location": { "latitude": 43.531942, "longitude": -80.250773 }, "acceleration": 0.28 }, { "utcDateTime": "2017-02-05T12:39:31.091Z", "accelerometerRaw": { "x": -3.148, "z": 9.336, "y": -1.0 } }, { "utcDateTime": "2017-02-05T12:39:32.000Z", "headingDegrees": 134.8, "distanceFromRoadCenter": 6.3, "horizontalAccuracy": 5.0, "hdop": 1.0, "velocity": 61.5, "location": { "latitude": 43.531768, "longitude": -80.250532 }, "acceleration": 0.19 }, { "utcDateTime": "2017-02-05T12:39:32.086Z", "accelerometerRaw": { "x": -3.05, "z": 8.855, "y": -1.236 } }, { "utcDateTime": "2017-02-05T12:39:33.000Z", "headingDegrees": 134.8, "distanceFromRoadCenter": 6.7, "horizontalAccuracy": 5.0, "hdop": 1.0, "velocity": 61.3, "location": { "latitude": 43.531668, "longitude": -80.250391 }, "acceleration": -0.06 }, { "utcDateTime": "2017-02-05T12:39:33.081Z", "accelerometerRaw": { "x": -2.834, "z": 8.316, "y": -1.265 } }, { "utcDateTime": "2017-02-05T12:39:34.000Z", "headingDegrees": 134.8, "distanceFromRoadCenter": 7.5, "horizontalAccuracy": 5.0, "hdop": 1.0, "velocity": 63.3, "location": { "latitude": 43.531562, "longitude": -80.25025 }, "acceleration": 0.56 }, { "utcDateTime": "2017-02-05T12:39:34.076Z", "accelerometerRaw": { "x": -3.02, "z": 9.532, "y": -0.922 } }, { "utcDateTime": "2017-02-05T12:39:35.000Z", "headingDegrees": 134.8, "distanceFromRoadCenter": 0.0, "horizontalAccuracy": 5.0, "hdop": 1.0, "velocity": 63.7, "location": { "latitude": 43.53145, "longitude": -80.250091 }, "acceleration": 0.11 }, { "utcDateTime": "2017-02-05T12:39:35.072Z", "accelerometerRaw": { "x": -3.069, "z": 8.787, "y": -1.559 } }, { "utcDateTime": "2017-02-05T12:39:36.000Z", "headingDegrees": 134.4, "distanceFromRoadCenter": 7.8, "horizontalAccuracy": 5.0, "hdop": 1.0, "velocity": 63.7, "location": { "latitude": 43.53133, "longitude": -80.249922 }, "acceleration": 0.0 }, { "utcDateTime": "2017-02-05T12:39:36.067Z", "accelerometerRaw": { "x": -2.971, "z": 9.228, "y": -0.52 } }, { "utcDateTime": "2017-02-05T12:39:37.000Z", "headingDegrees": 134.4, "distanceFromRoadCenter": 8.1, "horizontalAccuracy": 5.0, "hdop": 1.0, "velocity": 64.1, "location": { "latitude": 43.531213, "longitude": -80.249762 }, "acceleration": 0.11 }, { "utcDateTime": "2017-02-05T12:39:37.062Z", "accelerometerRaw": { "x": -3.187, "z": 9.101, "y": -0.873 } }, { "utcDateTime": "2017-02-05T12:39:38.000Z", "headingDegrees": 134.4, "distanceFromRoadCenter": 8.3, "horizontalAccuracy": 5.0, "hdop": 1.0, "velocity": 64.0, "location": { "latitude": 43.531107, "longitude": -80.249616 }, "acceleration": -0.03 }, { "utcDateTime": "2017-02-05T12:39:38.057Z", "accelerometerRaw": { "x": -3.54, "z": 9.591, "y": -1.01 } }, { "utcDateTime": "2017-02-05T12:39:39.000Z", "headingDegrees": 134.4, "distanceFromRoadCenter": 8.3, "horizontalAccuracy": 5.0, "hdop": 1.0, "velocity": 63.4, "location": { "latitude": 43.530989, "longitude": -80.249449 }, "acceleration": -0.17 }, { "utcDateTime": "2017-02-05T12:39:39.053Z", "accelerometerRaw": { "x": -3.393, "z": 9.669, "y": -1.785 } }, { "utcDateTime": "2017-02-05T12:39:40.000Z", "headingDegrees": 134.4, "distanceFromRoadCenter": 7.9, "horizontalAccuracy": 5.0, "hdop": 1.0, "velocity": 63.9, "location": { "latitude": 43.530881, "longitude": -80.249291 }, "acceleration": 0.14 }, { "utcDateTime": "2017-02-05T12:39:40.048Z", "accelerometerRaw": { "x": -3.001, "z": 8.953, "y": -1.579 } }, { "utcDateTime": "2017-02-05T12:39:41.000Z", "headingDegrees": 134.4, "distanceFromRoadCenter": 8.2, "horizontalAccuracy": 5.0, "hdop": 1.0, "velocity": 63.8, "location": { "latitude": 43.530766, "longitude": -80.249134 }, "acceleration": -0.03 }, { "utcDateTime": "2017-02-05T12:39:41.043Z", "accelerometerRaw": { "x": -2.922, "z": 8.777, "y": -1.255 } }, { "utcDateTime": "2017-02-05T12:39:42.000Z", "headingDegrees": 134.4, "distanceFromRoadCenter": 8.6, "horizontalAccuracy": 5.0, "hdop": 1.0, "velocity": 61.0, "location": { "latitude": 43.530655, "longitude": -80.248985 }, "acceleration": -0.78 }, { "utcDateTime": "2017-02-05T12:39:42.038Z", "accelerometerRaw": { "x": -2.815, "z": 8.973, "y": -1.255 } }, { "utcDateTime": "2017-02-05T12:39:43.000Z", "headingDegrees": 134.4, "distanceFromRoadCenter": 8.6, "horizontalAccuracy": 5.0, "hdop": 1.0, "velocity": 62.1, "location": { "latitude": 43.530547, "longitude": -80.248833 }, "acceleration": 0.31 }, { "utcDateTime": "2017-02-05T12:39:43.033Z", "accelerometerRaw": { "x": -2.824, "z": 9.022, "y": -1.353 } }, { "utcDateTime": "2017-02-05T12:39:44.000Z", "headingDegrees": 134.4, "distanceFromRoadCenter": 8.3, "horizontalAccuracy": 5.0, "hdop": 1.0, "velocity": 62.8, "location": { "latitude": 43.53044, "longitude": -80.248676 }, "acceleration": 0.19 }, { "utcDateTime": "2017-02-05T12:39:44.029Z", "accelerometerRaw": { "x": -3.119, "z": 9.503, "y": -1.059 } }, { "utcDateTime": "2017-02-05T12:39:45.000Z", "headingDegrees": 134.4, "distanceFromRoadCenter": 8.4, "horizontalAccuracy": 5.0, "hdop": 1.0, "velocity": 62.9, "location": { "latitude": 43.530353, "longitude": -80.248557 }, "acceleration": 0.03 }, { "utcDateTime": "2017-02-05T12:39:45.024Z", "accelerometerRaw": { "x": -3.128, "z": 9.297, "y": -0.255 } }, { "utcDateTime": "2017-02-05T12:39:46.000Z", "headingDegrees": 134.8, "distanceFromRoadCenter": 7.5, "horizontalAccuracy": 5.0, "hdop": 1.0, "velocity": 62.5, "location": { "latitude": 43.530221, "longitude": -80.248357 }, "acceleration": -0.11 }, { "utcDateTime": "2017-02-05T12:39:46.019Z", "accelerometerRaw": { "x": -3.266, "z": 8.846, "y": -0.147 } }, { "utcDateTime": "2017-02-05T12:39:47.000Z", "headingDegrees": 134.8, "distanceFromRoadCenter": 7.0, "horizontalAccuracy": 5.0, "hdop": 1.0, "velocity": 62.0, "location": { "latitude": 43.530111, "longitude": -80.248196 }, "acceleration": -0.14 }, { "utcDateTime": "2017-02-05T12:39:47.015Z", "accelerometerRaw": { "x": -3.197, "z": 9.13, "y": -1.187 } }, { "utcDateTime": "2017-02-05T12:39:48.000Z", "headingDegrees": 134.8, "distanceFromRoadCenter": 2.3, "horizontalAccuracy": 5.0, "hdop": 1.0, "velocity": 61.6, "location": { "latitude": 43.530003, "longitude": -80.248055 }, "acceleration": -0.11 }, { "utcDateTime": "2017-02-05T12:39:48.010Z", "accelerometerRaw": { "x": -3.334, "z": 9.718, "y": -1.981 } }, { "utcDateTime": "2017-02-05T12:39:49.000Z", "headingDegrees": 133.7, "distanceFromRoadCenter": 6.7, "horizontalAccuracy": 5.0, "hdop": 1.0, "velocity": 60.9, "location": { "latitude": 43.529897, "longitude": -80.247899 }, "acceleration": -0.19 }, { "utcDateTime": "2017-02-05T12:39:49.005Z", "accelerometerRaw": { "x": -3.06, "z": 8.777, "y": -2.03 } }, { "utcDateTime": "2017-02-05T12:39:50.000Z", "headingDegrees": 133.7, "distanceFromRoadCenter": 5.8, "horizontalAccuracy": 5.0, "hdop": 1.0, "velocity": 60.3, "location": { "latitude": 43.5298, "longitude": -80.247753 }, "acceleration": -0.17 }, { "utcDateTime": "2017-02-05T12:39:50.001Z", "accelerometerRaw": { "x": -3.089, "z": 8.993, "y": -1.638 } }, { "utcDateTime": "2017-02-05T12:39:50.996Z", "accelerometerRaw": { "x": -2.981, "z": 8.571, "y": -0.775 } }, { "utcDateTime": "2017-02-05T12:39:51.000Z", "headingDegrees": 133.7, "distanceFromRoadCenter": 5.4, "horizontalAccuracy": 5.0, "hdop": 1.0, "velocity": 59.7, "location": { "latitude": 43.529694, "longitude": -80.247603 }, "acceleration": -0.17 }, { "utcDateTime": "2017-02-05T12:39:51.991Z", "accelerometerRaw": { "x": -2.667, "z": 8.13, "y": -1.02 } }, { "utcDateTime": "2017-02-05T12:39:52.000Z", "headingDegrees": 133.7, "distanceFromRoadCenter": 4.9, "horizontalAccuracy": 5.0, "hdop": 1.0, "velocity": 58.4, "location": { "latitude": 43.529591, "longitude": -80.247455 }, "acceleration": -0.36 }, { "utcDateTime": "2017-02-05T12:39:52.986Z", "accelerometerRaw": { "x": -2.913, "z": 9.238, "y": -1.687 } }, { "utcDateTime": "2017-02-05T12:39:53.000Z", "headingDegrees": 133.7, "distanceFromRoadCenter": 4.6, "horizontalAccuracy": 5.0, "hdop": 1.0, "velocity": 58.1, "location": { "latitude": 43.529486, "longitude": -80.247308 }, "acceleration": -0.08 }, { "utcDateTime": "2017-02-05T12:39:53.982Z", "accelerometerRaw": { "x": -2.726, "z": 8.561, "y": -0.549 } }, { "utcDateTime": "2017-02-05T12:39:54.000Z", "headingDegrees": 133.7, "distanceFromRoadCenter": 4.4, "horizontalAccuracy": 5.0, "hdop": 1.0, "velocity": 56.8, "location": { "latitude": 43.529387, "longitude": -80.247172 }, "acceleration": -0.36 }, { "utcDateTime": "2017-02-05T12:39:54.977Z", "accelerometerRaw": { "x": -2.412, "z": 8.394, "y": -1.089 } }, { "utcDateTime": "2017-02-05T12:39:55.000Z", "headingDegrees": 133.7, "distanceFromRoadCenter": 4.8, "horizontalAccuracy": 5.0, "hdop": 1.0, "velocity": 55.2, "location": { "latitude": 43.529287, "longitude": -80.247042 }, "acceleration": -0.44 }, { "utcDateTime": "2017-02-05T12:39:55.972Z", "accelerometerRaw": { "x": -2.491, "z": 8.316, "y": -0.539 } }, { "utcDateTime": "2017-02-05T12:39:56.000Z", "headingDegrees": 134.8, "distanceFromRoadCenter": 5.1, "horizontalAccuracy": 5.0, "hdop": 1.0, "velocity": 55.7, "location": { "latitude": 43.529192, "longitude": -80.246912 }, "acceleration": 0.14 }, { "utcDateTime": "2017-02-05T12:39:56.968Z", "accelerometerRaw": { "x": -2.716, "z": 9.003, "y": -0.834 } }, { "utcDateTime": "2017-02-05T12:39:57.000Z", "headingDegrees": 134.8, "distanceFromRoadCenter": 5.3, "horizontalAccuracy": 5.0, "hdop": 1.0, "velocity": 56.5, "location": { "latitude": 43.529093, "longitude": -80.246775 }, "acceleration": 0.22 }, { "utcDateTime": "2017-02-05T12:39:57.963Z", "accelerometerRaw": { "x": -3.373, "z": 10.464, "y": -1.393 } }, { "utcDateTime": "2017-02-05T12:39:58.000Z", "headingDegrees": 134.8, "distanceFromRoadCenter": 4.6, "horizontalAccuracy": 5.0, "hdop": 1.0, "velocity": 56.2, "location": { "latitude": 43.528994, "longitude": -80.246639 }, "acceleration": -0.08 }, { "utcDateTime": "2017-02-05T12:39:58.958Z", "accelerometerRaw": { "x": -2.903, "z": 8.718, "y": -1.569 } }, { "utcDateTime": "2017-02-05T12:39:59.000Z", "headingDegrees": 134.8, "distanceFromRoadCenter": 6.0, "horizontalAccuracy": 5.0, "hdop": 1.0, "velocity": 56.3, "location": { "latitude": 43.528893, "longitude": -80.246503 }, "acceleration": 0.03 }, { "utcDateTime": "2017-02-05T12:39:59.953Z", "accelerometerRaw": { "x": -3.079, "z": 9.718, "y": -1.942 } }, { "utcDateTime": "2017-02-05T12:40:00.000Z", "headingDegrees": 133.5, "distanceFromRoadCenter": 6.2, "horizontalAccuracy": 5.0, "hdop": 1.0, "velocity": 57.1, "location": { "latitude": 43.52879, "longitude": -80.24636 }, "acceleration": 0.22 }, { "utcDateTime": "2017-02-05T12:40:00.949Z", "accelerometerRaw": { "x": -2.971, "z": 10.424, "y": -1.579 } }, { "utcDateTime": "2017-02-05T12:40:01.000Z", "headingDegrees": 133.5, "distanceFromRoadCenter": 6.1, "horizontalAccuracy": 5.0, "hdop": 1.0, "velocity": 59.2, "location": { "latitude": 43.528684, "longitude": -80.246209 }, "acceleration": 0.58 }, { "utcDateTime": "2017-02-05T12:40:01.944Z", "accelerometerRaw": { "x": -2.55, "z": 8.385, "y": -1.53 } }, { "utcDateTime": "2017-02-05T12:40:02.000Z", "headingDegrees": 134.7, "distanceFromRoadCenter": 6.4, "horizontalAccuracy": 5.0, "hdop": 1.0, "velocity": 59.0, "location": { "latitude": 43.528578, "longitude": -80.246063 }, "acceleration": -0.06 }, { "utcDateTime": "2017-02-05T12:40:02.939Z", "accelerometerRaw": { "x": -2.579, "z": 9.218, "y": -0.49 } }, { "utcDateTime": "2017-02-05T12:40:03.000Z", "headingDegrees": 134.7, "distanceFromRoadCenter": 7.1, "horizontalAccuracy": 5.0, "hdop": 1.0, "velocity": 56.4, "location": { "latitude": 43.528488, "longitude": -80.245948 }, "acceleration": -0.72 }, { "utcDateTime": "2017-02-05T12:40:03.934Z", "accelerometerRaw": { "x": -1.804, "z": 6.914, "y": -0.726 } }, { "utcDateTime": "2017-02-05T12:40:04.000Z", "headingDegrees": 134.7, "distanceFromRoadCenter": 1.9, "horizontalAccuracy": 5.0, "hdop": 1.0, "velocity": 58.4, "location": { "latitude": 43.528412, "longitude": -80.24583 }, "acceleration": 0.56 }, { "utcDateTime": "2017-02-05T12:40:04.930Z", "accelerometerRaw": { "x": -2.795, "z": 10.258, "y": -1.393 } }, { "utcDateTime": "2017-02-05T12:40:05.000Z", "headingDegrees": 135.1, "distanceFromRoadCenter": 6.7, "horizontalAccuracy": 5.0, "hdop": 1.0, "velocity": 59.8, "location": { "latitude": 43.528313, "longitude": -80.245692 }, "acceleration": 0.39 }, { "utcDateTime": "2017-02-05T12:40:05.925Z", "accelerometerRaw": { "x": -2.53, "z": 9.199, "y": -1.206 } }, { "utcDateTime": "2017-02-05T12:40:06.000Z", "headingDegrees": 135.1, "distanceFromRoadCenter": 7.1, "horizontalAccuracy": 5.0, "hdop": 1.0, "velocity": 61.5, "location": { "latitude": 43.528207, "longitude": -80.245549 }, "acceleration": 0.47 }, { "utcDateTime": "2017-02-05T12:40:06.920Z", "accelerometerRaw": { "x": -2.775, "z": 9.895, "y": -1.294 } }, { "utcDateTime": "2017-02-05T12:40:07.000Z", "headingDegrees": 135.1, "distanceFromRoadCenter": 8.0, "horizontalAccuracy": 5.0, "hdop": 1.0, "velocity": 61.6, "location": { "latitude": 43.528088, "longitude": -80.245396 }, "acceleration": 0.03 }, { "utcDateTime": "2017-02-05T12:40:07.915Z", "accelerometerRaw": { "x": -2.246, "z": 7.404, "y": -1.334 } }, { "utcDateTime": "2017-02-05T12:40:08.000Z", "headingDegrees": 134.6, "distanceFromRoadCenter": 8.0, "horizontalAccuracy": 5.0, "hdop": 1.0, "velocity": 61.3, "location": { "latitude": 43.52799, "longitude": -80.245259 }, "acceleration": -0.08 }, { "utcDateTime": "2017-02-05T12:40:08.911Z", "accelerometerRaw": { "x": -2.726, "z": 10.062, "y": -1.883 } }, { "utcDateTime": "2017-02-05T12:40:09.000Z", "headingDegrees": 134.6, "distanceFromRoadCenter": 6.8, "horizontalAccuracy": 5.0, "hdop": 1.0, "velocity": 61.7, "location": { "latitude": 43.527896, "longitude": -80.245108 }, "acceleration": 0.11 }, { "utcDateTime": "2017-02-05T12:40:09.906Z", "accelerometerRaw": { "x": -2.491, "z": 9.101, "y": -1.304 } }, { "utcDateTime": "2017-02-05T12:40:10.000Z", "headingDegrees": 134.6, "distanceFromRoadCenter": 6.8, "horizontalAccuracy": 5.0, "hdop": 1.0, "velocity": 61.0, "location": { "latitude": 43.527782, "longitude": -80.24495 }, "acceleration": -0.19 }, { "utcDateTime": "2017-02-05T12:40:10.901Z", "accelerometerRaw": { "x": -3.158, "z": 10.934, "y": -0.422 } }, { "utcDateTime": "2017-02-05T12:40:11.000Z", "headingDegrees": 135.0, "distanceFromRoadCenter": 7.0, "horizontalAccuracy": 5.0, "hdop": 1.0, "velocity": 60.7, "location": { "latitude": 43.527672, "longitude": -80.244799 }, "acceleration": -0.08 }, { "utcDateTime": "2017-02-05T12:40:11.896Z", "accelerometerRaw": { "x": -2.922, "z": 9.895, "y": -1.628 } }, { "utcDateTime": "2017-02-05T12:40:12.000Z", "headingDegrees": 134.6, "distanceFromRoadCenter": 7.1, "horizontalAccuracy": 5.0, "hdop": 1.0, "velocity": 60.3, "location": { "latitude": 43.527565, "longitude": -80.24465 }, "acceleration": -0.11 }, { "utcDateTime": "2017-02-05T12:40:12.892Z", "accelerometerRaw": { "x": -2.873, "z": 9.542, "y": -1.451 } }, { "utcDateTime": "2017-02-05T12:40:13.000Z", "headingDegrees": 134.3, "distanceFromRoadCenter": 7.2, "horizontalAccuracy": 5.0, "hdop": 1.0, "velocity": 59.4, "location": { "latitude": 43.527461, "longitude": -80.244505 }, "acceleration": -0.25 }, { "utcDateTime": "2017-02-05T12:40:13.887Z", "accelerometerRaw": { "x": -2.824, "z": 9.561, "y": -1.863 } }, { "utcDateTime": "2017-02-05T12:40:14.000Z", "headingDegrees": 134.6, "distanceFromRoadCenter": 7.4, "horizontalAccuracy": 5.0, "hdop": 1.0, "velocity": 59.5, "location": { "latitude": 43.527354, "longitude": -80.244356 }, "acceleration": 0.03 }, { "utcDateTime": "2017-02-05T12:40:14.882Z", "accelerometerRaw": { "x": -2.256, "z": 8.993, "y": -1.294 } }, { "utcDateTime": "2017-02-05T12:40:15.000Z", "headingDegrees": 135.4, "distanceFromRoadCenter": 7.3, "horizontalAccuracy": 5.0, "hdop": 1.0, "velocity": 58.9, "location": { "latitude": 43.527248, "longitude": -80.244204 }, "acceleration": -0.17 }, { "utcDateTime": "2017-02-05T12:40:15.878Z", "accelerometerRaw": { "x": -2.363, "z": 9.336, "y": -1.657 } }, { "utcDateTime": "2017-02-05T12:40:16.000Z", "headingDegrees": 135.0, "distanceFromRoadCenter": 7.9, "horizontalAccuracy": 5.0, "hdop": 1.0, "velocity": 56.7, "location": { "latitude": 43.527149, "longitude": -80.244075 }, "acceleration": -0.61 }, { "utcDateTime": "2017-02-05T12:40:16.873Z", "accelerometerRaw": { "x": -2.226, "z": 9.483, "y": -1.54 } }, { "utcDateTime": "2017-02-05T12:40:17.000Z", "headingDegrees": 134.6, "distanceFromRoadCenter": 7.9, "horizontalAccuracy": 5.0, "hdop": 1.0, "velocity": 55.4, "location": { "latitude": 43.527049, "longitude": -80.243933 }, "acceleration": -0.36 }, { "utcDateTime": "2017-02-05T12:40:17.869Z", "accelerometerRaw": { "x": -2.216, "z": 9.307, "y": -1.363 } }, { "utcDateTime": "2017-02-05T12:40:18.000Z", "headingDegrees": 134.3, "distanceFromRoadCenter": 8.2, "horizontalAccuracy": 5.0, "hdop": 1.0, "velocity": 53.8, "location": { "latitude": 43.526945, "longitude": -80.243791 }, "acceleration": -0.44 }, { "utcDateTime": "2017-02-05T12:40:18.864Z", "accelerometerRaw": { "x": -2.285, "z": 8.649, "y": -1.167 } }, { "utcDateTime": "2017-02-05T12:40:19.000Z", "headingDegrees": 134.6, "distanceFromRoadCenter": 8.4, "horizontalAccuracy": 5.0, "hdop": 1.0, "velocity": 50.5, "location": { "latitude": 43.526852, "longitude": -80.243662 }, "acceleration": -0.92 }, { "utcDateTime": "2017-02-05T12:40:19.859Z", "accelerometerRaw": { "x": -2.667, "z": 9.208, "y": -1.344 } }, { "utcDateTime": "2017-02-05T12:40:20.000Z", "headingDegrees": 132.2, "distanceFromRoadCenter": 7.8, "horizontalAccuracy": 5.0, "hdop": 1.0, "velocity": 49.2, "location": { "latitude": 43.52677, "longitude": -80.243534 }, "acceleration": -0.36 }, { "utcDateTime": "2017-02-05T12:40:20.855Z", "accelerometerRaw": { "x": -2.53, "z": 8.532, "y": -1.981 } }, { "utcDateTime": "2017-02-05T12:40:21.000Z", "headingDegrees": 133.9, "distanceFromRoadCenter": 7.8, "horizontalAccuracy": 5.0, "hdop": 1.0, "velocity": 49.4, "location": { "latitude": 43.52668, "longitude": -80.243407 }, "acceleration": 0.06 }, { "utcDateTime": "2017-02-05T12:40:21.850Z", "accelerometerRaw": { "x": -2.726, "z": 9.297, "y": -1.353 } }, { "utcDateTime": "2017-02-05T12:40:22.000Z", "headingDegrees": 135.0, "distanceFromRoadCenter": 8.3, "horizontalAccuracy": 5.0, "hdop": 1.0, "velocity": 48.6, "location": { "latitude": 43.526594, "longitude": -80.243293 }, "acceleration": -0.22 }, { "utcDateTime": "2017-02-05T12:40:22.846Z", "accelerometerRaw": { "x": -3.697, "z": 10.974, "y": -2.53 } }, { "utcDateTime": "2017-02-05T12:40:23.000Z", "headingDegrees": 134.6, "distanceFromRoadCenter": 8.4, "horizontalAccuracy": 5.0, "hdop": 1.0, "velocity": 47.4, "location": { "latitude": 43.526517, "longitude": -80.243187 }, "acceleration": -0.33 }, { "utcDateTime": "2017-02-05T12:40:23.841Z", "accelerometerRaw": { "x": -2.216, "z": 9.718, "y": -1.098 } }, { "utcDateTime": "2017-02-05T12:40:24.000Z", "headingDegrees": 135.0, "distanceFromRoadCenter": 8.9, "horizontalAccuracy": 5.0, "hdop": 1.0, "velocity": 47.4, "location": { "latitude": 43.526432, "longitude": -80.243074 }, "acceleration": 0.0 }, { "utcDateTime": "2017-02-05T12:40:24.836Z", "accelerometerRaw": { "x": -2.344, "z": 9.297, "y": -1.598 } }, { "utcDateTime": "2017-02-05T12:40:25.000Z", "headingDegrees": 135.4, "distanceFromRoadCenter": 9.1, "horizontalAccuracy": 5.0, "hdop": 1.0, "velocity": 46.3, "location": { "latitude": 43.526346, "longitude": -80.242956 }, "acceleration": -0.31 }, { "utcDateTime": "2017-02-05T12:40:25.832Z", "accelerometerRaw": { "x": -2.354, "z": 9.718, "y": -1.716 } }, { "utcDateTime": "2017-02-05T12:40:26.000Z", "headingDegrees": 134.6, "distanceFromRoadCenter": 8.7, "horizontalAccuracy": 5.0, "hdop": 1.0, "velocity": 44.7, "location": { "latitude": 43.526264, "longitude": -80.242832 }, "acceleration": -0.44 }, { "utcDateTime": "2017-02-05T12:40:26.827Z", "accelerometerRaw": { "x": -2.56, "z": 8.6, "y": -0.814 } }, { "utcDateTime": "2017-02-05T12:40:27.000Z", "headingDegrees": 133.9, "distanceFromRoadCenter": 8.5, "horizontalAccuracy": 5.0, "hdop": 1.0, "velocity": 45.5, "location": { "latitude": 43.526184, "longitude": -80.242716 }, "acceleration": 0.22 }, { "utcDateTime": "2017-02-05T12:40:27.823Z", "accelerometerRaw": { "x": -2.981, "z": 9.356, "y": -1.706 } }, { "utcDateTime": "2017-02-05T12:40:28.000Z", "headingDegrees": 133.6, "distanceFromRoadCenter": 2.1, "horizontalAccuracy": 5.0, "hdop": 1.0, "velocity": 44.4, "location": { "latitude": 43.526104, "longitude": -80.242603 }, "acceleration": -0.31 }, { "utcDateTime": "2017-02-05T12:40:28.818Z", "accelerometerRaw": { "x": -3.069, "z": 7.983, "y": -1.697 } }, { "utcDateTime": "2017-02-05T12:40:29.000Z", "headingDegrees": 135.0, "distanceFromRoadCenter": 8.4, "horizontalAccuracy": 5.0, "hdop": 1.0, "velocity": 47.8, "location": { "latitude": 43.526023, "longitude": -80.242488 }, "acceleration": 0.94 }, { "utcDateTime": "2017-02-05T12:40:29.814Z", "accelerometerRaw": { "x": -2.707, "z": 8.159, "y": -1.932 } }, { "utcDateTime": "2017-02-05T12:40:30.000Z", "headingDegrees": 136.1, "distanceFromRoadCenter": 8.8, "horizontalAccuracy": 5.0, "hdop": 1.0, "velocity": 48.1, "location": { "latitude": 43.525934, "longitude": -80.242372 }, "acceleration": 0.08 }, { "utcDateTime": "2017-02-05T12:40:30.809Z", "accelerometerRaw": { "x": -3.138, "z": 9.199, "y": -1.363 } }, { "utcDateTime": "2017-02-05T12:40:31.000Z", "headingDegrees": 137.1, "distanceFromRoadCenter": 10.1, "horizontalAccuracy": 5.0, "hdop": 1.0, "velocity": 49.1, "location": { "latitude": 43.525837, "longitude": -80.242259 }, "acceleration": 0.28 }, { "utcDateTime": "2017-02-05T12:40:31.805Z", "accelerometerRaw": { "x": -2.952, "z": 8.649, "y": -0.53 } }, { "utcDateTime": "2017-02-05T12:40:32.000Z", "headingDegrees": 136.1, "distanceFromRoadCenter": 10.6, "horizontalAccuracy": 5.0, "hdop": 1.0, "velocity": 48.8, "location": { "latitude": 43.525746, "longitude": -80.242142 }, "acceleration": -0.08 }, { "utcDateTime": "2017-02-05T12:40:32.801Z", "accelerometerRaw": { "x": -2.442, "z": 8.993, "y": -1.589 } }, { "utcDateTime": "2017-02-05T12:40:33.000Z", "headingDegrees": 135.4, "distanceFromRoadCenter": 8.3, "horizontalAccuracy": 5.0, "hdop": 1.0, "velocity": 48.0, "location": { "latitude": 43.525676, "longitude": -80.242004 }, "acceleration": -0.22 }, { "utcDateTime": "2017-02-05T12:40:33.796Z", "accelerometerRaw": { "x": -2.452, "z": 10.169, "y": -1.255 } }, { "utcDateTime": "2017-02-05T12:40:34.000Z", "headingDegrees": 134.3, "distanceFromRoadCenter": 8.3, "horizontalAccuracy": 5.0, "hdop": 1.0, "velocity": 46.7, "location": { "latitude": 43.525596, "longitude": -80.241893 }, "acceleration": -0.36 }, { "utcDateTime": "2017-02-05T12:40:34.792Z", "accelerometerRaw": { "x": -2.236, "z": 10.856, "y": -0.804 } }, { "utcDateTime": "2017-02-05T12:40:35.000Z", "headingDegrees": 132.9, "distanceFromRoadCenter": 6.0, "horizontalAccuracy": 5.0, "hdop": 1.0, "velocity": 45.1, "location": { "latitude": 43.525517, "longitude": -80.241777 }, "acceleration": -0.44 }, { "utcDateTime": "2017-02-05T12:40:35.787Z", "accelerometerRaw": { "x": -2.226, "z": 9.228, "y": -1.451 } }, { "utcDateTime": "2017-02-05T12:40:36.000Z", "headingDegrees": 133.2, "distanceFromRoadCenter": 6.3, "horizontalAccuracy": 5.0, "hdop": 1.0, "velocity": 42.9, "location": { "latitude": 43.525439, "longitude": -80.241668 }, "acceleration": -0.61 }, { "utcDateTime": "2017-02-05T12:40:36.782Z", "accelerometerRaw": { "x": -2.511, "z": 9.807, "y": -1.5 } }, { "utcDateTime": "2017-02-05T12:40:37.000Z", "headingDegrees": 133.2, "distanceFromRoadCenter": 3.8, "horizontalAccuracy": 5.0, "hdop": 1.0, "velocity": 40.9, "location": { "latitude": 43.525365, "longitude": -80.241568 }, "acceleration": -0.56 }, { "utcDateTime": "2017-02-05T12:40:37.778Z", "accelerometerRaw": { "x": -2.618, "z": 8.904, "y": -1.53 } }, { "utcDateTime": "2017-02-05T12:40:38.000Z", "headingDegrees": 132.2, "distanceFromRoadCenter": 7.7, "horizontalAccuracy": 5.0, "hdop": 1.0, "velocity": 39.1, "location": { "latitude": 43.525291, "longitude": -80.241461 }, "acceleration": -0.5 }, { "utcDateTime": "2017-02-05T12:40:38.773Z", "accelerometerRaw": { "x": -3.207, "z": 9.444, "y": -1.667 } }, { "utcDateTime": "2017-02-05T12:40:39.000Z", "headingDegrees": 132.9, "distanceFromRoadCenter": 8.1, "horizontalAccuracy": 5.0, "hdop": 1.0, "velocity": 39.1, "location": { "latitude": 43.525222, "longitude": -80.241371 }, "acceleration": 0.0 }, { "utcDateTime": "2017-02-05T12:40:39.768Z", "accelerometerRaw": { "x": -3.344, "z": 9.581, "y": -1.344 } }, { "utcDateTime": "2017-02-05T12:40:40.000Z", "headingDegrees": 133.6, "distanceFromRoadCenter": 8.2, "horizontalAccuracy": 5.0, "hdop": 1.0, "velocity": 39.7, "location": { "latitude": 43.525149, "longitude": -80.241271 }, "acceleration": 0.17 }, { "utcDateTime": "2017-02-05T12:40:40.764Z", "accelerometerRaw": { "x": -3.295, "z": 9.15, "y": -1.667 } }, { "utcDateTime": "2017-02-05T12:40:41.000Z", "headingDegrees": 133.9, "distanceFromRoadCenter": 6.5, "horizontalAccuracy": 5.0, "hdop": 1.0, "velocity": 42.0, "location": { "latitude": 43.525089, "longitude": -80.241156 }, "acceleration": 0.64 }, { "utcDateTime": "2017-02-05T12:40:41.759Z", "accelerometerRaw": { "x": -4.05, "z": 9.277, "y": -1.746 } }, { "utcDateTime": "2017-02-05T12:40:42.000Z", "headingDegrees": 133.9, "distanceFromRoadCenter": 6.3, "horizontalAccuracy": 5.0, "hdop": 1.0, "velocity": 44.0, "location": { "latitude": 43.525009, "longitude": -80.24104 }, "acceleration": 0.56 }, { "utcDateTime": "2017-02-05T12:40:42.754Z", "accelerometerRaw": { "x": -3.089, "z": 7.757, "y": -2.03 } }, { "utcDateTime": "2017-02-05T12:40:43.000Z", "headingDegrees": 133.9, "distanceFromRoadCenter": 6.6, "horizontalAccuracy": 5.0, "hdop": 1.0, "velocity": 45.3, "location": { "latitude": 43.524932, "longitude": -80.240937 }, "acceleration": 0.36 }, { "utcDateTime": "2017-02-05T12:40:43.750Z", "accelerometerRaw": { "x": -3.687, "z": 9.081, "y": -0.775 } }, { "utcDateTime": "2017-02-05T12:40:44.000Z", "headingDegrees": 134.3, "distanceFromRoadCenter": 6.0, "horizontalAccuracy": 5.0, "hdop": 1.0, "velocity": 48.0, "location": { "latitude": 43.524847, "longitude": -80.240807 }, "acceleration": 0.75 }, { "utcDateTime": "2017-02-05T12:40:44.745Z", "accelerometerRaw": { "x": -3.736, "z": 9.307, "y": -2.599 } }, { "utcDateTime": "2017-02-05T12:40:45.000Z", "headingDegrees": 134.6, "distanceFromRoadCenter": 5.7, "horizontalAccuracy": 5.0, "hdop": 1.0, "velocity": 48.8, "location": { "latitude": 43.524767, "longitude": -80.24069 }, "acceleration": 0.22 }, { "utcDateTime": "2017-02-05T12:40:45.740Z", "accelerometerRaw": { "x": -3.432, "z": 9.964, "y": -1.422 } }, { "utcDateTime": "2017-02-05T12:40:46.000Z", "headingDegrees": 133.9, "distanceFromRoadCenter": 5.5, "horizontalAccuracy": 5.0, "hdop": 1.0, "velocity": 50.5, "location": { "latitude": 43.524678, "longitude": -80.240561 }, "acceleration": 0.47 }, { "utcDateTime": "2017-02-05T12:40:46.736Z", "accelerometerRaw": { "x": -2.873, "z": 8.453, "y": -1.706 } }, { "utcDateTime": "2017-02-05T12:40:47.000Z", "headingDegrees": 133.6, "distanceFromRoadCenter": 5.3, "horizontalAccuracy": 5.0, "hdop": 1.0, "velocity": 49.9, "location": { "latitude": 43.524597, "longitude": -80.240444 }, "acceleration": -0.17 }, { "utcDateTime": "2017-02-05T12:40:47.731Z", "accelerometerRaw": { "x": -3.275, "z": 9.865, "y": -1.883 } }, { "utcDateTime": "2017-02-05T12:40:48.000Z", "headingDegrees": 134.3, "distanceFromRoadCenter": 6.3, "horizontalAccuracy": 5.0, "hdop": 1.0, "velocity": 51.2, "location": { "latitude": 43.524498, "longitude": -80.240321 }, "acceleration": 0.36 }, { "utcDateTime": "2017-02-05T12:40:48.726Z", "accelerometerRaw": { "x": -3.501, "z": 9.365, "y": -2.305 } }, { "utcDateTime": "2017-02-05T12:40:49.000Z", "headingDegrees": 134.6, "distanceFromRoadCenter": 5.9, "horizontalAccuracy": 5.0, "hdop": 1.0, "velocity": 51.6, "location": { "latitude": 43.524413, "longitude": -80.240195 }, "acceleration": 0.11 }, { "utcDateTime": "2017-02-05T12:40:49.721Z", "accelerometerRaw": { "x": -3.128, "z": 8.581, "y": -0.824 } }, { "utcDateTime": "2017-02-05T12:40:50.000Z", "headingDegrees": 134.6, "distanceFromRoadCenter": 5.7, "horizontalAccuracy": 5.0, "hdop": 1.0, "velocity": 50.2, "location": { "latitude": 43.52433, "longitude": -80.240075 }, "acceleration": -0.39 }, { "utcDateTime": "2017-02-05T12:40:50.717Z", "accelerometerRaw": { "x": -3.53, "z": 9.669, "y": -1.324 } }, { "utcDateTime": "2017-02-05T12:40:51.000Z", "headingDegrees": 132.9, "distanceFromRoadCenter": 5.0, "horizontalAccuracy": 5.0, "hdop": 1.0, "velocity": 53.2, "location": { "latitude": 43.524245, "longitude": -80.239943 }, "acceleration": 0.83 }, { "utcDateTime": "2017-02-05T12:40:51.712Z", "accelerometerRaw": { "x": -3.501, "z": 9.973, "y": -1.922 } }, { "utcDateTime": "2017-02-05T12:40:52.000Z", "headingDegrees": 133.6, "distanceFromRoadCenter": 4.7, "horizontalAccuracy": 5.0, "hdop": 1.0, "velocity": 53.9, "location": { "latitude": 43.524151, "longitude": -80.239806 }, "acceleration": 0.19 }, { "utcDateTime": "2017-02-05T12:40:52.707Z", "accelerometerRaw": { "x": -3.011, "z": 8.434, "y": -1.098 } }, { "utcDateTime": "2017-02-05T12:40:53.000Z", "headingDegrees": 134.3, "distanceFromRoadCenter": 4.9, "horizontalAccuracy": 5.0, "hdop": 1.0, "velocity": 51.3, "location": { "latitude": 43.524065, "longitude": -80.239688 }, "acceleration": -0.72 }, { "utcDateTime": "2017-02-05T12:40:53.702Z", "accelerometerRaw": { "x": -3.697, "z": 9.983, "y": -1.667 } }, { "utcDateTime": "2017-02-05T12:40:54.000Z", "headingDegrees": 134.6, "distanceFromRoadCenter": 4.8, "horizontalAccuracy": 5.0, "hdop": 1.0, "velocity": 53.1, "location": { "latitude": 43.523967, "longitude": -80.239549 }, "acceleration": 0.5 }, { "utcDateTime": "2017-02-05T12:40:54.698Z", "accelerometerRaw": { "x": -2.677, "z": 8.002, "y": -1.942 } }, { "utcDateTime": "2017-02-05T12:40:55.000Z", "headingDegrees": 134.3, "distanceFromRoadCenter": 4.5, "horizontalAccuracy": 5.0, "hdop": 1.0, "velocity": 55.0, "location": { "latitude": 43.523872, "longitude": -80.23941 }, "acceleration": 0.53 }, { "utcDateTime": "2017-02-05T12:40:55.693Z", "accelerometerRaw": { "x": -2.491, "z": 8.257, "y": -1.648 } }, { "utcDateTime": "2017-02-05T12:40:56.000Z", "headingDegrees": 135.0, "distanceFromRoadCenter": 4.7, "horizontalAccuracy": 5.0, "hdop": 1.0, "velocity": 56.4, "location": { "latitude": 43.52377, "longitude": -80.23927 }, "acceleration": 0.39 }, { "utcDateTime": "2017-02-05T12:40:56.688Z", "accelerometerRaw": { "x": -3.069, "z": 9.169, "y": -0.834 } }, { "utcDateTime": "2017-02-05T12:40:57.000Z", "headingDegrees": 134.6, "distanceFromRoadCenter": 4.9, "horizontalAccuracy": 5.0, "hdop": 1.0, "velocity": 56.3, "location": { "latitude": 43.523664, "longitude": -80.239124 }, "acceleration": -0.03 }, { "utcDateTime": "2017-02-05T12:40:57.684Z", "accelerometerRaw": { "x": -3.952, "z": 13.229, "y": -1.726 } }, { "utcDateTime": "2017-02-05T12:40:58.000Z", "headingDegrees": 135.7, "distanceFromRoadCenter": 5.4, "horizontalAccuracy": 5.0, "hdop": 1.0, "velocity": 55.6, "location": { "latitude": 43.523555, "longitude": -80.238979 }, "acceleration": -0.19 }, { "utcDateTime": "2017-02-05T12:40:58.679Z", "accelerometerRaw": { "x": -2.569, "z": 7.924, "y": -1.353 } }, { "utcDateTime": "2017-02-05T12:40:59.000Z", "headingDegrees": 136.4, "distanceFromRoadCenter": 6.1, "horizontalAccuracy": 5.0, "hdop": 1.0, "velocity": 53.7, "location": { "latitude": 43.523454, "longitude": -80.23885 }, "acceleration": -0.53 }, { "utcDateTime": "2017-02-05T12:40:59.675Z", "accelerometerRaw": { "x": -3.501, "z": 9.924, "y": -1.059 } }, { "utcDateTime": "2017-02-05T12:41:00.000Z", "headingDegrees": 134.3, "distanceFromRoadCenter": 6.3, "horizontalAccuracy": 5.0, "hdop": 1.0, "velocity": 55.9, "location": { "latitude": 43.52335, "longitude": -80.238707 }, "acceleration": 0.61 }, { "utcDateTime": "2017-02-05T12:41:00.670Z", "accelerometerRaw": { "x": -2.707, "z": 8.757, "y": -1.481 } }, { "utcDateTime": "2017-02-05T12:41:01.000Z", "headingDegrees": 134.3, "distanceFromRoadCenter": 6.6, "horizontalAccuracy": 5.0, "hdop": 1.0, "velocity": 54.5, "location": { "latitude": 43.523252, "longitude": -80.238575 }, "acceleration": -0.39 }, { "utcDateTime": "2017-02-05T12:41:01.665Z", "accelerometerRaw": { "x": -2.511, "z": 8.649, "y": -1.922 } }, { "utcDateTime": "2017-02-05T12:41:02.000Z", "headingDegrees": 133.9, "distanceFromRoadCenter": 6.5, "horizontalAccuracy": 5.0, "hdop": 1.0, "velocity": 55.2, "location": { "latitude": 43.523152, "longitude": -80.238432 }, "acceleration": 0.19 }, { "utcDateTime": "2017-02-05T12:41:02.661Z", "accelerometerRaw": { "x": -2.618, "z": 8.924, "y": -1.559 } }, { "utcDateTime": "2017-02-05T12:41:03.000Z", "headingDegrees": 134.3, "distanceFromRoadCenter": 7.5, "horizontalAccuracy": 5.0, "hdop": 1.0, "velocity": 52.8, "location": { "latitude": 43.523065, "longitude": -80.238327 }, "acceleration": -0.67 }, { "utcDateTime": "2017-02-05T12:41:03.656Z", "accelerometerRaw": { "x": -2.491, "z": 9.189, "y": -1.549 } }, { "utcDateTime": "2017-02-05T12:41:04.000Z", "headingDegrees": 134.3, "distanceFromRoadCenter": 7.7, "horizontalAccuracy": 5.0, "hdop": 1.0, "velocity": 53.2, "location": { "latitude": 43.522962, "longitude": -80.238186 }, "acceleration": 0.11 }, { "utcDateTime": "2017-02-05T12:41:04.651Z", "accelerometerRaw": { "x": -1.353, "z": 8.306, "y": -1.432 } }, { "utcDateTime": "2017-02-05T12:41:05.000Z", "headingDegrees": 134.3, "distanceFromRoadCenter": 7.9, "horizontalAccuracy": 5.0, "hdop": 1.0, "velocity": 51.6, "location": { "latitude": 43.522871, "longitude": -80.238062 }, "acceleration": -0.44 }, { "utcDateTime": "2017-02-05T12:41:05.646Z", "accelerometerRaw": { "x": -2.461, "z": 8.179, "y": -1.383 } }, { "utcDateTime": "2017-02-05T12:41:06.000Z", "headingDegrees": 134.6, "distanceFromRoadCenter": 5.3, "horizontalAccuracy": 5.0, "hdop": 1.0, "velocity": 50.9, "location": { "latitude": 43.52278, "longitude": -80.237917 }, "acceleration": -0.19 }, { "utcDateTime": "2017-02-05T12:41:06.642Z", "accelerometerRaw": { "x": -2.491, "z": 9.512, "y": -0.069 } }, { "utcDateTime": "2017-02-05T12:41:07.000Z", "headingDegrees": 134.6, "distanceFromRoadCenter": 5.8, "horizontalAccuracy": 5.0, "hdop": 1.0, "velocity": 49.6, "location": { "latitude": 43.522689, "longitude": -80.23777 }, "acceleration": -0.36 }, { "utcDateTime": "2017-02-05T12:41:07.637Z", "accelerometerRaw": { "x": -2.805, "z": 9.454, "y": -1.559 } }, { "utcDateTime": "2017-02-05T12:41:08.000Z", "headingDegrees": 134.6, "distanceFromRoadCenter": 6.3, "horizontalAccuracy": 5.0, "hdop": 1.0, "velocity": 48.5, "location": { "latitude": 43.522599, "longitude": -80.237652 }, "acceleration": -0.31 }, { "utcDateTime": "2017-02-05T12:41:08.632Z", "accelerometerRaw": { "x": -1.569, "z": 9.993, "y": -0.922 } }, { "utcDateTime": "2017-02-05T12:41:09.000Z", "headingDegrees": 134.6, "distanceFromRoadCenter": 6.3, "horizontalAccuracy": 5.0, "hdop": 1.0, "velocity": 46.0, "location": { "latitude": 43.522516, "longitude": -80.237535 }, "acceleration": -0.69 }, { "utcDateTime": "2017-02-05T12:41:09.628Z", "accelerometerRaw": { "x": -1.853, "z": 9.277, "y": -2.001 } }, { "utcDateTime": "2017-02-05T12:41:10.000Z", "headingDegrees": 134.6, "distanceFromRoadCenter": 5.9, "horizontalAccuracy": 5.0, "hdop": 1.0, "velocity": 39.4, "location": { "latitude": 43.522447, "longitude": -80.237431 }, "acceleration": -1.83 }, { "utcDateTime": "2017-02-05T12:41:10.623Z", "accelerometerRaw": { "x": -0.088, "z": 8.394, "y": -0.53 } }, { "utcDateTime": "2017-02-05T12:41:11.000Z", "headingDegrees": 132.5, "distanceFromRoadCenter": 6.1, "horizontalAccuracy": 5.0, "hdop": 1.0, "velocity": 35.7, "location": { "latitude": 43.522382, "longitude": -80.237345 }, "acceleration": -1.03 }, { "utcDateTime": "2017-02-05T12:41:11.618Z", "accelerometerRaw": { "x": -1.677, "z": 8.806, "y": -1.432 } }, { "utcDateTime": "2017-02-05T12:41:12.000Z", "headingDegrees": 134.6, "distanceFromRoadCenter": 5.4, "horizontalAccuracy": 5.0, "hdop": 1.0, "velocity": 31.6, "location": { "latitude": 43.522326, "longitude": -80.237254 }, "acceleration": -1.14 }, { "utcDateTime": "2017-02-05T12:41:12.614Z", "accelerometerRaw": { "x": -2.403, "z": 8.777, "y": -1.559 } }, { "utcDateTime": "2017-02-05T12:41:13.000Z", "headingDegrees": 134.6, "distanceFromRoadCenter": 6.1, "horizontalAccuracy": 5.0, "hdop": 1.0, "velocity": 29.3, "location": { "latitude": 43.522263, "longitude": -80.237177 }, "acceleration": -0.64 }, { "utcDateTime": "2017-02-05T12:41:13.609Z", "accelerometerRaw": { "x": -2.314, "z": 8.983, "y": -1.873 } }, { "utcDateTime": "2017-02-05T12:41:14.000Z", "headingDegrees": 134.3, "distanceFromRoadCenter": 6.5, "horizontalAccuracy": 5.0, "hdop": 1.0, "velocity": 25.5, "location": { "latitude": 43.522229, "longitude": -80.237136 }, "acceleration": -1.06 }, { "utcDateTime": "2017-02-05T12:41:14.604Z", "accelerometerRaw": { "x": -2.56, "z": 9.257, "y": -1.294 } }, { "utcDateTime": "2017-02-05T12:41:15.000Z", "headingDegrees": 135.0, "distanceFromRoadCenter": 6.9, "horizontalAccuracy": 5.0, "hdop": 1.0, "velocity": 23.4, "location": { "latitude": 43.522193, "longitude": -80.237093 }, "acceleration": -0.58 }, { "utcDateTime": "2017-02-05T12:41:15.600Z", "accelerometerRaw": { "x": -2.932, "z": 9.65, "y": -0.304 } }, { "utcDateTime": "2017-02-05T12:41:16.000Z", "headingDegrees": 133.2, "distanceFromRoadCenter": 6.7, "horizontalAccuracy": 5.0, "hdop": 1.0, "velocity": 22.5, "location": { "latitude": 43.522147, "longitude": -80.237025 }, "acceleration": -0.25 }, { "utcDateTime": "2017-02-05T12:41:16.595Z", "accelerometerRaw": { "x": -3.481, "z": 8.571, "y": -1.118 } }, { "utcDateTime": "2017-02-05T12:41:17.000Z", "headingDegrees": 135.0, "distanceFromRoadCenter": 6.4, "horizontalAccuracy": 5.0, "hdop": 1.0, "velocity": 23.7, "location": { "latitude": 43.522098, "longitude": -80.236951 }, "acceleration": 0.33 }, { "utcDateTime": "2017-02-05T12:41:17.591Z", "accelerometerRaw": { "x": -3.727, "z": 9.277, "y": -1.294 } }, { "utcDateTime": "2017-02-05T12:41:18.000Z", "headingDegrees": 135.0, "distanceFromRoadCenter": 7.1, "horizontalAccuracy": 5.0, "hdop": 1.0, "velocity": 25.8, "location": { "latitude": 43.522052, "longitude": -80.2369 }, "acceleration": 0.58 }, { "utcDateTime": "2017-02-05T12:41:18.586Z", "accelerometerRaw": { "x": -3.57, "z": 8.885, "y": -1.334 } }, { "utcDateTime": "2017-02-05T12:41:19.000Z", "headingDegrees": 135.4, "distanceFromRoadCenter": 7.5, "horizontalAccuracy": 5.0, "hdop": 1.0, "velocity": 28.7, "location": { "latitude": 43.522007, "longitude": -80.236843 }, "acceleration": 0.81 }, { "utcDateTime": "2017-02-05T12:41:19.582Z", "accelerometerRaw": { "x": -3.648, "z": 7.865, "y": -1.491 } }, { "utcDateTime": "2017-02-05T12:41:20.000Z", "headingDegrees": 134.3, "distanceFromRoadCenter": 7.4, "horizontalAccuracy": 5.0, "hdop": 1.0, "velocity": 31.7, "location": { "latitude": 43.521955, "longitude": -80.236769 }, "acceleration": 0.83 }, { "utcDateTime": "2017-02-05T12:41:20.577Z", "accelerometerRaw": { "x": -3.246, "z": 8.11, "y": -0.677 } }, { "utcDateTime": "2017-02-05T12:41:21.000Z", "headingDegrees": 134.3, "distanceFromRoadCenter": 7.3, "horizontalAccuracy": 5.0, "hdop": 1.0, "velocity": 35.4, "location": { "latitude": 43.521896, "longitude": -80.236684 }, "acceleration": 1.03 }, { "utcDateTime": "2017-02-05T12:41:21.573Z", "accelerometerRaw": { "x": -3.373, "z": 8.169, "y": -1.167 } }, { "utcDateTime": "2017-02-05T12:41:22.000Z", "headingDegrees": 134.3, "distanceFromRoadCenter": 7.6, "horizontalAccuracy": 5.0, "hdop": 1.0, "velocity": 37.9, "location": { "latitude": 43.521836, "longitude": -80.236605 }, "acceleration": 0.69 }, { "utcDateTime": "2017-02-05T12:41:22.568Z", "accelerometerRaw": { "x": -4.011, "z": 9.042, "y": -1.598 } }, { "utcDateTime": "2017-02-05T12:41:23.000Z", "headingDegrees": 134.3, "distanceFromRoadCenter": 7.4, "horizontalAccuracy": 5.0, "hdop": 1.0, "velocity": 40.0, "location": { "latitude": 43.521766, "longitude": -80.236503 }, "acceleration": 0.58 }, { "utcDateTime": "2017-02-05T12:41:23.563Z", "accelerometerRaw": { "x": -3.472, "z": 9.159, "y": -1.187 } }, { "utcDateTime": "2017-02-05T12:41:24.000Z", "headingDegrees": 134.6, "distanceFromRoadCenter": 7.7, "horizontalAccuracy": 5.0, "hdop": 1.0, "velocity": 42.4, "location": { "latitude": 43.521697, "longitude": -80.236412 }, "acceleration": 0.67 }, { "utcDateTime": "2017-02-05T12:41:24.559Z", "accelerometerRaw": { "x": -3.462, "z": 10.758, "y": -1.589 } }, { "utcDateTime": "2017-02-05T12:41:25.000Z", "headingDegrees": 135.0, "distanceFromRoadCenter": 6.2, "horizontalAccuracy": 5.0, "hdop": 1.0, "velocity": 43.0, "location": { "latitude": 43.521623, "longitude": -80.236318 }, "acceleration": 0.17 }, { "utcDateTime": "2017-02-05T12:41:25.554Z", "accelerometerRaw": { "x": -3.579, "z": 9.238, "y": -1.422 } }, { "utcDateTime": "2017-02-05T12:41:26.000Z", "headingDegrees": 135.0, "distanceFromRoadCenter": 2.5, "horizontalAccuracy": 5.0, "hdop": 1.0, "velocity": 44.2, "location": { "latitude": 43.521545, "longitude": -80.236212 }, "acceleration": 0.33 }, { "utcDateTime": "2017-02-05T12:41:26.550Z", "accelerometerRaw": { "x": -3.687, "z": 10.248, "y": -1.471 } }, { "utcDateTime": "2017-02-05T12:41:27.000Z", "headingDegrees": 135.4, "distanceFromRoadCenter": 2.7, "horizontalAccuracy": 5.0, "hdop": 1.0, "velocity": 44.6, "location": { "latitude": 43.521462, "longitude": -80.236103 }, "acceleration": 0.11 }] } 
